diagonal,height_left,height_right,margin_low,margin_up,length,id,proba,labels_pred_reglog
171.76,104.01,103.54,5.21,3.3,111.42,A_1,0.00029499074975636763,False
171.87,104.17,104.13,6.0,3.31,112.09,A_2,4.907043581779993e-05,False
172.0,104.58,104.29,4.99,3.39,111.57,A_3,0.00011003844001214955,False
172.49,104.55,104.34,4.44,3.03,113.2,A_4,0.9826756763275476,True
171.65,103.63,103.56,3.77,3.16,113.33,A_5,0.9998395371217456,True
