,Prédiction,Probabilité de faux,Probabilité de vrais,diagonal,height_left,height_right,margin_low,margin_up,length,id
0,Faux billet,0.9970278138089101,0.0029721861910898912,171.76,104.01,103.54,5.21,3.3,111.42,A_1
1,Faux billet,0.9995872165516958,0.0004127834483042023,171.87,104.17,104.13,6.0,3.31,112.09,A_2
2,Faux billet,0.9995145926772342,0.0004854073227658611,172.0,104.58,104.29,4.99,3.39,111.57,A_3
3,Vrai billet,0.04232821157699618,0.9576717884230038,172.49,104.55,104.34,4.44,3.03,113.2,A_4
4,Vrai billet,0.00018569013617764085,0.9998143098638224,171.65,103.63,103.56,3.77,3.16,113.33,A_5
