variable,vi_factor
diagonal,1.0136128990686253
height_left,1.1382605736082505
height_right,1.230114515556036
margin_up,1.4044037781843617
length,1.5769501453665857
